date,overall
2012-05-23,4.333333333333333
2012-05-24,3.7142857142857144
2012-05-25,3.5714285714285716
2012-05-26,3.5
2012-05-27,4.0
2012-05-28,3.3333333333333335
2012-05-29,3.25
2012-05-30,3.4
2012-05-31,4.166666666666667
2012-06-01,3.5
2012-06-02,4.0
2012-06-03,3.5
2012-06-04,3.0
2012-06-05,3.5714285714285716
2012-06-06,4.3
2012-06-07,4.0
2012-06-08,3.6666666666666665
2012-06-09,3.8333333333333335
2012-06-10,4.333333333333333
2012-06-11,3.9
2012-06-12,3.7857142857142856
2012-06-13,4.5
2012-06-14,4.083333333333333
2012-06-15,3.8
2012-06-16,4.0
2012-06-17,4.166666666666667
2012-06-18,3.5
2012-06-19,4.0
2012-06-20,4.5
2012-06-21,4.166666666666667
2012-06-22,3.3333333333333335
2012-06-23,4.6
2012-06-24,4.0
2012-06-25,4.2
2012-06-26,4.1
2012-06-27,3.8461538461538463
2012-06-28,3.888888888888889
2012-06-29,4.0
2012-06-30,3.2857142857142856
2012-07-01,3.0
2012-07-02,3.75
2012-07-03,4.285714285714286
2012-07-04,4.25
2012-07-05,4.375
2012-07-06,3.7777777777777777
2012-07-07,3.142857142857143
2012-07-08,4.0
2012-07-09,4.0
2012-07-10,3.6666666666666665
2012-07-11,3.625
2012-07-12,4.5625
2012-07-13,4.444444444444445
2012-07-14,3.0
2012-07-15,4.0
2012-07-16,3.888888888888889
2012-07-17,3.7333333333333334
2012-07-18,4.0
2012-07-19,4.285714285714286
2012-07-20,3.6666666666666665
2012-07-21,3.8333333333333335
2012-07-22,3.5
2012-07-23,3.7142857142857144
2012-07-24,3.909090909090909
2012-07-25,3.5294117647058822
2012-07-26,3.0
2012-07-27,4.071428571428571
2012-07-28,3.8333333333333335
2012-07-29,3.8333333333333335
2012-07-30,3.5
2012-07-31,3.8333333333333335
2012-08-01,3.909090909090909
2012-08-02,4.153846153846154
2012-08-03,3.0
2012-08-04,4.142857142857143
2012-08-05,3.625
2012-08-06,4.0
2012-08-07,3.7
2012-08-08,3.7777777777777777
2012-08-09,3.8823529411764706
2012-08-10,3.909090909090909
2012-08-11,5.0
2012-08-12,3.4
2012-08-13,4.0
2012-08-14,3.3636363636363638
2012-08-15,4.0
2012-08-16,3.7857142857142856
2012-08-17,3.6666666666666665
2012-08-18,3.5714285714285716
2012-08-19,3.4615384615384617
2012-08-20,4.0
2012-08-21,3.3333333333333335
2012-08-22,3.75
2012-08-23,4.2
2012-08-24,4.111111111111111
2012-08-25,4.75
2012-08-26,3.7058823529411766
2012-08-27,3.5833333333333335
2012-08-28,4.333333333333333
2012-08-29,3.9473684210526314
2012-08-30,3.8181818181818183
2012-08-31,3.75
2012-09-01,4.333333333333333
2012-09-02,4.75
2012-09-03,4.157894736842105
2012-09-04,3.5454545454545454
2012-09-05,3.6
2012-09-06,3.8461538461538463
2012-09-07,3.4545454545454546
2012-09-08,4.0
2012-09-09,4.055555555555555
2012-09-10,3.9285714285714284
2012-09-11,4.3076923076923075
2012-09-12,3.6666666666666665
2012-09-13,3.75
2012-09-14,3.2222222222222223
2012-09-15,4.2
2012-09-16,3.2142857142857144
2012-09-17,3.6666666666666665
2012-09-18,3.923076923076923
2012-09-19,3.0
2012-09-20,4.416666666666667
2012-09-21,3.5714285714285716
2012-09-22,4.6
2012-09-23,3.8
2012-09-24,3.875
2012-09-25,3.6
2012-09-26,4.0
2012-09-27,4.416666666666667
2012-09-28,4.75
2012-09-29,4.285714285714286
2012-09-30,3.0
2012-10-01,3.1538461538461537
2012-10-02,4.0
2012-10-03,4.071428571428571
2012-10-04,4.0
2012-10-05,3.857142857142857
2012-10-06,3.75
2012-10-07,4.142857142857143
2012-10-08,4.083333333333333
2012-10-09,4.071428571428571
2012-10-10,4.0
2012-10-11,4.0
2012-10-12,3.533333333333333
2012-10-13,4.0
2012-10-14,3.888888888888889
2012-10-15,3.142857142857143
2012-10-16,4.0
2012-10-17,3.111111111111111
2012-10-18,3.6363636363636362
2012-10-19,4.166666666666667
2012-10-20,3.888888888888889
2012-10-21,3.0
2012-10-22,3.7142857142857144
2012-10-23,3.5714285714285716
2012-10-24,3.7
2012-10-25,4.0
2012-10-26,3.8
2012-10-27,4.333333333333333
2012-10-28,3.6666666666666665
2012-10-29,3.2
2012-10-30,4.5
2012-10-31,4.083333333333333
2012-11-01,4.0
2012-11-02,4.2
2012-11-03,3.5714285714285716
2012-11-04,3.8
2012-11-05,3.6666666666666665
2012-11-06,3.2
2012-11-07,3.375
2012-11-08,3.2
2012-11-09,3.75
2012-11-10,4.222222222222222
2012-11-11,4.0
2012-11-12,4.222222222222222
2012-11-13,4.804347826086956
2012-11-14,4.523809523809524
2012-11-15,4.6
2012-11-16,3.76
2012-11-17,4.285714285714286
2012-11-18,4.6
2012-11-19,4.318181818181818
2012-11-20,4.2727272727272725
2012-11-21,4.25
2012-11-22,3.25
2012-11-23,4.666666666666667
2012-11-24,3.5714285714285716
2012-11-25,3.75
2012-11-26,4.3
2012-11-27,3.5
2012-11-28,4.375
2012-11-29,3.8823529411764706
2012-11-30,4.0
2012-12-01,3.5
2012-12-02,4.0
2012-12-03,3.7777777777777777
2012-12-04,4.5
2012-12-05,4.4
2012-12-06,3.5714285714285716
2012-12-07,3.0
2012-12-08,3.5714285714285716
2012-12-09,4.5
2012-12-10,2.857142857142857
2012-12-11,4.5
2012-12-12,3.875
2012-12-13,3.5833333333333335
2012-12-14,3.4285714285714284
2012-12-15,4.2
2012-12-16,3.4444444444444446
2012-12-17,4.294117647058823
2012-12-18,3.8823529411764706
2012-12-19,3.7
2012-12-20,3.25
2012-12-21,4.0
2012-12-22,3.7777777777777777
2012-12-23,3.8
2012-12-24,3.6
2012-12-25,3.4
2012-12-26,3.8333333333333335
2012-12-27,4.5
2012-12-28,4.166666666666667
2012-12-29,4.166666666666667
2012-12-30,3.7142857142857144
2012-12-31,2.6666666666666665
2013-01-01,3.375
2013-01-02,3.4615384615384617
2013-01-03,3.7333333333333334
2013-01-04,3.5
2013-01-05,3.6666666666666665
2013-01-06,4.2
2013-01-07,3.823529411764706
2013-01-08,4.0
2013-01-09,3.9285714285714284
2013-01-10,4.1
2013-01-11,4.1
2013-01-12,3.9
2013-01-13,3.7142857142857144
2013-01-14,4.117647058823529
2013-01-15,3.8333333333333335
2013-01-16,3.5
2013-01-17,3.5714285714285716
2013-01-18,3.857142857142857
2013-01-19,4.25
2013-01-20,3.875
2013-01-21,4.0
2013-01-22,3.5555555555555554
2013-01-23,3.6
2013-01-24,3.6363636363636362
2013-01-25,3.6
2013-01-26,4.2
2013-01-27,3.6
2013-01-28,4.0
2013-01-29,4.0
2013-01-30,4.0
2013-01-31,3.357142857142857
2013-02-01,4.2
2013-02-02,3.6
2013-02-03,3.25
2013-02-04,4.133333333333334
2013-02-05,4.25
2013-02-06,3.6666666666666665
2013-02-07,3.3636363636363638
2013-02-08,3.3333333333333335
2013-02-09,3.5
2013-02-10,3.6
2013-02-11,3.9
2013-02-12,3.923076923076923
2013-02-13,3.3333333333333335
2013-02-14,3.75
2013-02-15,4.076923076923077
2013-02-16,3.75
2013-02-17,3.0
2013-02-18,3.5833333333333335
2013-02-19,4.1
2013-02-20,3.0
2013-02-21,4.333333333333333
2013-02-22,4.0
2013-02-23,4.0
2013-02-24,4.111111111111111
2013-02-25,4.1
2013-02-26,3.625
2013-02-27,3.466666666666667
2013-02-28,3.5454545454545454
2013-03-01,3.3
2013-03-02,3.6666666666666665
2013-03-03,3.6
2013-03-04,3.8
2013-03-05,3.6153846153846154
2013-03-06,3.9
2013-03-07,3.3529411764705883
2013-03-08,3.7777777777777777
2013-03-09,3.7142857142857144
2013-03-10,3.769230769230769
2013-03-11,3.2
2013-03-12,3.4615384615384617
2013-03-13,3.4
2013-03-14,3.7
2013-03-15,3.8181818181818183
2013-03-16,3.1666666666666665
2013-03-17,3.7142857142857144
2013-03-18,3.9
2013-03-19,3.8636363636363638
2013-03-20,4.0
2013-03-21,3.5833333333333335
2013-03-22,3.7777777777777777
2013-03-23,2.8
2013-03-24,3.5
2013-03-25,3.6363636363636362
2013-03-26,3.5
2013-03-27,3.5
2013-03-28,4.0
2013-03-29,3.0
2013-03-30,3.875
2013-03-31,4.0
2013-04-01,3.9285714285714284
2013-04-02,3.8
2013-04-03,3.3
2013-04-04,3.6666666666666665
2013-04-05,4.0
2013-04-06,3.375
2013-04-07,3.3333333333333335
2013-04-08,3.2857142857142856
2013-04-09,3.9285714285714284
2013-04-10,4.166666666666667
2013-04-11,3.9
2013-04-12,3.8181818181818183
2013-04-13,2.8
2013-04-14,3.857142857142857
2013-04-15,3.5833333333333335
2013-04-16,3.6
2013-04-17,3.142857142857143
2013-04-18,4.5
2013-04-19,4.125
2013-04-20,3.125
2013-04-21,3.875
2013-04-22,3.090909090909091
2013-04-23,3.8
2013-04-24,4.090909090909091
2013-04-25,3.0
2013-04-26,3.7142857142857144
2013-04-27,4.222222222222222
2013-04-28,4.25
2013-04-29,3.5833333333333335
2013-04-30,3.272727272727273
2013-05-01,3.5555555555555554
2013-05-02,3.3333333333333335
2013-05-03,3.3333333333333335
2013-05-04,2.4
2013-05-05,3.6666666666666665
2013-05-06,3.6666666666666665
2013-05-07,3.5555555555555554
2013-05-08,4.0
2013-05-09,3.857142857142857
2013-05-10,3.6666666666666665
2013-05-11,3.3333333333333335
2013-05-12,3.6
2013-05-13,4.5
2013-05-14,4.2
2013-05-15,3.3846153846153846
2013-05-16,3.0
2013-05-17,3.7142857142857144
2013-05-18,3.6666666666666665
2013-05-19,3.8
2013-05-20,4.125
2013-05-21,3.4444444444444446
2013-05-22,4.076923076923077
2013-05-23,3.4444444444444446
2013-05-24,3.888888888888889
2013-05-25,2.0
2013-05-26,3.875
2013-05-27,3.6
2013-05-28,4.0
2013-05-29,3.9166666666666665
2013-05-30,3.142857142857143
2013-05-31,4.0
2013-06-01,3.8
2013-06-02,4.0
2013-06-03,3.6666666666666665
2013-06-04,4.25
2013-06-05,3.1666666666666665
2013-06-06,3.0
2013-06-07,3.6
2013-06-08,3.25
2013-06-09,3.25
2013-06-10,4.222222222222222
2013-06-11,4.0
2013-06-12,3.6666666666666665
2013-06-13,3.4
2013-06-14,4.166666666666667
2013-06-15,4.25
2013-06-16,4.333333333333333
2013-06-17,3.727272727272727
2013-06-18,3.6666666666666665
2013-06-19,3.9
2013-06-20,4.25
2013-06-21,3.6923076923076925
2013-06-22,3.6666666666666665
2013-06-23,4.111111111111111
2013-06-24,4.0
2013-06-25,3.625
2013-06-26,4.111111111111111
2013-06-27,4.125
2013-06-28,4.5
2013-06-29,4.0
2013-06-30,3.769230769230769
2013-07-01,3.625
2013-07-02,2.3333333333333335
2013-07-03,3.6666666666666665
2013-07-04,2.5
2013-07-05,3.7142857142857144
2013-07-06,3.0
2013-07-07,4.0
2013-07-08,3.8461538461538463
2013-07-09,3.5454545454545454
2013-07-10,3.75
2013-07-11,3.0
2013-07-12,3.5555555555555554
2013-07-13,4.666666666666667
2013-07-14,3.75
2013-07-15,3.25
2013-07-16,3.8333333333333335
2013-07-17,3.7777777777777777
2013-07-18,3.3
2013-07-19,3.4444444444444446
2013-07-20,3.4285714285714284
2013-07-21,3.6923076923076925
2013-07-22,3.857142857142857
2013-07-23,4.285714285714286
2013-07-24,2.5714285714285716
2013-07-25,3.0
2013-07-26,3.6923076923076925
2013-07-27,3.25
2013-07-28,3.625
2013-07-29,3.7333333333333334
2013-07-30,4.1
2013-07-31,3.8636363636363638
2013-08-01,4.0
2013-08-02,4.111111111111111
2013-08-03,3.6363636363636362
2013-08-04,3.5714285714285716
2013-08-05,3.6470588235294117
2013-08-06,4.111111111111111
2013-08-07,3.6875
2013-08-08,3.4
2013-08-09,3.4285714285714284
2013-08-10,4.0
2013-08-11,3.8461538461538463
2013-08-12,3.3636363636363638
2013-08-13,3.4
2013-08-14,3.7777777777777777
2013-08-15,3.5
2013-08-16,3.0
2013-08-17,4.0
2013-08-18,3.5
2013-08-19,3.8333333333333335
2013-08-20,3.090909090909091
2013-08-21,3.375
2013-08-22,4.1
2013-08-23,4.214285714285714
2013-08-24,3.4
2013-08-25,4.0
2013-08-26,4.0
2013-08-27,3.5
2013-08-28,3.4615384615384617
2013-08-29,3.6666666666666665
2013-08-30,3.4444444444444446
2013-08-31,3.75
2013-09-01,2.0
2013-09-02,3.6
2013-09-03,3.6666666666666665
2013-09-04,3.4615384615384617
2013-09-05,3.6
2013-09-06,3.6666666666666665
2013-09-07,3.75
2013-09-08,3.5555555555555554
2013-09-09,3.6
2013-09-10,3.5
2013-09-11,4.0
2013-09-12,3.769230769230769
2013-09-13,3.0
2013-09-14,3.6666666666666665
2013-09-15,3.75
2013-09-16,3.466666666666667
2013-09-17,3.5
2013-09-18,3.0
2013-09-19,3.4
2013-09-20,3.25
2013-09-21,3.2
2013-09-22,3.857142857142857
2013-09-23,3.6666666666666665
2013-09-24,3.888888888888889
2013-09-25,3.1818181818181817
2013-09-26,3.5384615384615383
2013-09-27,3.5625
2013-09-28,4.285714285714286
2013-09-29,3.875
2013-09-30,4.0
2013-10-01,3.2857142857142856
2013-10-02,4.0
2013-10-03,3.5384615384615383
2013-10-04,3.5384615384615383
2013-10-05,3.588235294117647
2013-10-06,3.6
2013-10-07,3.1
2013-10-08,3.727272727272727
2013-10-09,3.25
2013-10-10,3.375
2013-10-11,3.4615384615384617
2013-10-12,4.0
2013-10-13,3.75
2013-10-14,3.625
2013-10-15,4.0
2013-10-16,3.7857142857142856
2013-10-17,3.5454545454545454
2013-10-18,3.6666666666666665
2013-10-19,3.5454545454545454
2013-10-20,3.5
2013-10-21,3.75
2013-10-22,3.5384615384615383
2013-10-23,4.071428571428571
2013-10-24,3.2666666666666666
2013-10-25,4.076923076923077
2013-10-26,3.2857142857142856
2013-10-27,3.875
2013-10-28,3.642857142857143
2013-10-29,4.0
2013-10-30,3.8
2013-10-31,2.909090909090909
2013-11-01,3.933333333333333
2013-11-02,3.7142857142857144
2013-11-03,4.222222222222222
2013-11-04,3.5454545454545454
2013-11-05,3.7777777777777777
2013-11-06,3.3
2013-11-07,4.333333333333333
2013-11-08,3.875
2013-11-09,3.857142857142857
2013-11-10,3.5833333333333335
2013-11-11,4.04
2013-11-12,3.65
2013-11-13,3.823529411764706
2013-11-14,3.3076923076923075
2013-11-15,3.6923076923076925
2013-11-16,4.0
2013-11-17,3.5555555555555554
2013-11-18,3.75
2013-11-19,4.0
2013-11-20,4.125
2013-11-21,3.7142857142857144
2013-11-22,3.875
2013-11-23,4.4
2013-11-24,3.8461538461538463
2013-11-25,3.875
2013-11-26,4.333333333333333
2013-11-27,3.909090909090909
2013-11-28,4.0
2013-11-29,2.8
2013-11-30,4.222222222222222
2013-12-01,4.25
2013-12-02,3.5
2013-12-03,3.6
2013-12-04,4.0
2013-12-05,3.8666666666666667
2013-12-06,3.875
2013-12-07,4.2
2013-12-08,4.1
2013-12-09,5.0
2013-12-10,4.0
2013-12-11,4.043478260869565
2013-12-12,3.1818181818181817
2013-12-13,3.857142857142857
2013-12-14,5.0
2013-12-15,4.0
2013-12-16,4.111111111111111
2013-12-17,3.8333333333333335
2013-12-18,3.7777777777777777
2013-12-19,4.0
2013-12-20,3.5714285714285716
2013-12-21,3.8
2013-12-22,4.222222222222222
2013-12-23,4.0
2013-12-24,3.75
2013-12-25,3.6666666666666665
2013-12-26,3.3636363636363638
2013-12-27,4.428571428571429
2013-12-28,4.714285714285714
2013-12-29,3.7
2013-12-30,3.5
2013-12-31,4.166666666666667
2014-01-01,3.7142857142857144
2014-01-02,3.7857142857142856
2014-01-03,3.8333333333333335
2014-01-04,4.2
2014-01-05,4.117647058823529
2014-01-06,3.933333333333333
2014-01-07,3.7857142857142856
2014-01-08,3.4210526315789473
2014-01-09,3.5555555555555554
2014-01-10,4.133333333333334
2014-01-11,4.0
2014-01-12,4.142857142857143
2014-01-13,3.772727272727273
2014-01-14,4.0
2014-01-15,4.142857142857143
2014-01-16,3.5
2014-01-17,4.363636363636363
2014-01-18,3.142857142857143
2014-01-19,3.7142857142857144
2014-01-20,3.3333333333333335
2014-01-21,4.0625
2014-01-22,3.142857142857143
2014-01-23,3.2142857142857144
2014-01-24,4.25
2014-01-25,3.5454545454545454
2014-01-26,4.133333333333334
2014-01-27,3.8461538461538463
2014-01-28,3.85
2014-01-29,3.6875
2014-01-30,3.5
2014-01-31,3.6153846153846154
2014-02-01,3.0833333333333335
2014-02-02,4.5
2014-02-03,3.6153846153846154
2014-02-04,4.125
2014-02-05,4.111111111111111
2014-02-06,3.888888888888889
2014-02-07,4.222222222222222
2014-02-08,4.1875
2014-02-09,3.5384615384615383
2014-02-10,3.909090909090909
2014-02-11,3.588235294117647
2014-02-12,3.8823529411764706
2014-02-13,3.769230769230769
2014-02-14,3.6363636363636362
2014-02-15,4.111111111111111
2014-02-16,3.8333333333333335
2014-02-17,3.857142857142857
2014-02-18,3.857142857142857
2014-02-19,3.5625
2014-02-20,4.0476190476190474
2014-02-21,3.9285714285714284
2014-02-22,3.7142857142857144
2014-02-23,4.5
2014-02-24,3.25
2014-02-25,3.375
2014-02-26,3.6842105263157894
2014-02-27,3.6666666666666665
2014-02-28,4.333333333333333
2014-03-01,3.7142857142857144
2014-03-02,4.0
2014-03-03,3.6875
2014-03-04,3.391304347826087
2014-03-05,3.9210526315789473
2014-03-06,3.380952380952381
2014-03-07,4.055555555555555
2014-03-08,4.0
2014-03-09,3.625
2014-03-10,3.1176470588235294
2014-03-11,3.7777777777777777
2014-03-12,3.5714285714285716
2014-03-13,3.6923076923076925
2014-03-14,4.1
2014-03-15,4.0
2014-03-16,3.6923076923076925
2014-03-17,3.7142857142857144
2014-03-18,3.25
2014-03-19,4.111111111111111
2014-03-20,3.2857142857142856
2014-03-21,4.0
2014-03-22,4.0
2014-03-23,3.7777777777777777
2014-03-24,3.619047619047619
2014-03-25,4.0
2014-03-26,4.166666666666667
2014-03-27,3.357142857142857
2014-03-28,3.0
2014-03-29,3.5555555555555554
2014-03-30,4.083333333333333
2014-03-31,4.0
2014-04-01,3.8421052631578947
2014-04-02,4.071428571428571
2014-04-03,3.823529411764706
2014-04-04,3.75
2014-04-05,3.375
2014-04-06,3.75
2014-04-07,3.772727272727273
2014-04-08,3.9523809523809526
2014-04-09,3.8
2014-04-10,3.5555555555555554
2014-04-11,3.466666666666667
2014-04-12,3.2857142857142856
2014-04-13,3.1666666666666665
2014-04-14,4.066666666666666
2014-04-15,4.181818181818182
2014-04-16,3.727272727272727
2014-04-17,3.8125
2014-04-18,3.7142857142857144
2014-04-19,3.7142857142857144
2014-04-20,4.111111111111111
2014-04-21,4.0
2014-04-22,3.619047619047619
2014-04-23,3.3125
2014-04-24,4.0
2014-04-25,4.083333333333333
2014-04-26,4.0
2014-04-27,2.857142857142857
2014-04-28,3.5384615384615383
2014-04-29,4.0625
2014-04-30,3.7058823529411766
2014-05-01,3.7142857142857144
2014-05-02,3.75
2014-05-03,3.888888888888889
2014-05-04,3.4285714285714284
2014-05-05,3.5
2014-05-06,4.0
2014-05-07,3.875
2014-05-08,3.8333333333333335
2014-05-09,3.230769230769231
2014-05-10,3.4375
2014-05-11,3.0
2014-05-12,4.0
2014-05-13,3.875
2014-05-14,3.5555555555555554
2014-05-15,4.0
2014-05-16,4.444444444444445
2014-05-17,3.2857142857142856
2014-05-18,3.8333333333333335
2014-05-19,3.6875
2014-05-20,3.5833333333333335
2014-05-21,3.6
2014-05-22,3.933333333333333
2014-05-23,3.1875
2014-05-24,3.4545454545454546
2014-05-25,3.3846153846153846
2014-05-26,3.5
2014-05-27,3.642857142857143
2014-05-28,3.95
2014-05-29,4.0
2014-05-30,4.3
2014-05-31,3.625
2014-06-01,3.5
2014-06-02,3.5833333333333335
2014-06-03,3.642857142857143
2014-06-04,4.117647058823529
2014-06-05,3.923076923076923
2014-06-06,4.444444444444445
2014-06-07,3.25
2014-06-08,3.2222222222222223
2014-06-09,3.3684210526315788
2014-06-10,3.1666666666666665
2014-06-11,3.4705882352941178
2014-06-12,3.9444444444444446
2014-06-13,3.5
2014-06-14,3.3076923076923075
2014-06-15,3.75
2014-06-16,3.642857142857143
2014-06-17,3.8
2014-06-18,3.0555555555555554
2014-06-19,4.0
2014-06-20,3.7333333333333334
2014-06-21,2.8333333333333335
2014-06-22,3.5
2014-06-23,4.052631578947368
2014-06-24,3.8181818181818183
2014-06-25,3.375
2014-06-26,3.5555555555555554
2014-06-27,4.222222222222222
2014-06-28,4.071428571428571
2014-06-29,4.333333333333333
2014-06-30,4.071428571428571
2014-07-01,4.25
2014-07-02,3.9
2014-07-03,3.6666666666666665
2014-07-04,3.9
2014-07-05,3.4
2014-07-06,3.6666666666666665
2014-07-07,4.1
2014-07-08,3.142857142857143
2014-07-09,3.8461538461538463
2014-07-10,3.9473684210526314
2014-07-11,3.4
2014-07-12,3.625
2014-07-13,3.625
2014-07-14,3.6
2014-07-15,3.6153846153846154
2014-07-16,2.9166666666666665
2014-07-17,3.3076923076923075
2014-07-18,3.8666666666666667
2014-07-19,3.2142857142857144
2014-07-20,4.083333333333333
2014-07-21,3.4210526315789473
2014-07-22,3.625
2014-07-23,3.8095238095238093
2014-07-24,3.6363636363636362
2014-07-25,3.652173913043478
2014-07-26,4.125
2014-07-27,3.5217391304347827
2014-07-28,3.391304347826087
2014-07-29,3.238095238095238
2014-07-30,3.3846153846153846
2014-07-31,3.92
2014-08-01,3.8823529411764706
2014-08-02,4.222222222222222
2014-08-03,3.8
2014-08-04,4.25
2014-08-05,3.8333333333333335
2014-08-06,3.393939393939394
2014-08-07,3.6666666666666665
2014-08-08,3.3157894736842106
2014-08-09,3.6666666666666665
2014-08-10,2.6
2014-08-11,3.5
2014-08-12,3.857142857142857
2014-08-13,3.526315789473684
2014-08-14,3.5
2014-08-15,3.6
2014-08-16,4.166666666666667
2014-08-17,4.0
2014-08-18,3.8518518518518516
2014-08-19,3.923076923076923
2014-08-20,3.652173913043478
2014-08-21,3.8666666666666667
2014-08-22,4.185185185185185
2014-08-23,3.8125
2014-08-24,4.166666666666667
2014-08-25,4.0
2014-08-26,3.5
2014-08-27,3.6785714285714284
2014-08-28,3.4827586206896552
2014-08-29,3.5384615384615383
2014-08-30,3.1333333333333333
2014-08-31,3.9
2014-09-01,3.75
2014-09-02,3.0526315789473686
2014-09-03,3.8
2014-09-04,4.142857142857143
2014-09-05,3.7777777777777777
2014-09-06,3.727272727272727
2014-09-07,3.5
2014-09-08,3.4444444444444446
2014-09-09,3.3636363636363638
2014-09-10,3.6842105263157894
2014-09-11,3.5384615384615383
2014-09-12,4.133333333333334
2014-09-13,3.5714285714285716
2014-09-14,3.8461538461538463
2014-09-15,4.111111111111111
2014-09-16,3.45
2014-09-17,3.6842105263157894
2014-09-18,3.7142857142857144
2014-09-19,3.857142857142857
2014-09-20,4.0
2014-09-21,4.111111111111111
2014-09-22,3.8461538461538463
2014-09-23,3.6363636363636362
2014-09-24,3.4210526315789473
2014-09-25,3.3333333333333335
2014-09-26,3.6
2014-09-27,3.0
2014-09-28,4.0
2014-09-29,3.909090909090909
2014-09-30,3.5
2014-10-01,4.0625
2014-10-02,3.772727272727273
2014-10-03,3.789473684210526
2014-10-04,3.9166666666666665
2014-10-05,3.823529411764706
2014-10-06,3.9285714285714284
2014-10-07,3.5833333333333335
2014-10-08,3.4615384615384617
2014-10-09,4.176470588235294
2014-10-10,3.5294117647058822
2014-10-11,3.625
2014-10-12,3.55
2014-10-13,3.9411764705882355
2014-10-14,3.7777777777777777
2014-10-15,4.0
2014-10-16,3.8125
2014-10-17,3.888888888888889
2014-10-18,3.5
2014-10-19,3.5
2014-10-20,3.6785714285714284
2014-10-21,4.0
2014-10-22,3.5416666666666665
2014-10-23,4.1875
2014-10-24,3.466666666666667
2014-10-25,3.090909090909091
2014-10-26,3.8333333333333335
2014-10-27,3.7142857142857144
2014-10-28,3.8260869565217392
2014-10-29,3.5384615384615383
2014-10-30,3.857142857142857
2014-10-31,4.0
2014-11-01,4.142857142857143
2014-11-02,4.0
2014-11-03,3.6956521739130435
2014-11-04,3.772727272727273
2014-11-05,3.869565217391304
2014-11-06,3.6470588235294117
2014-11-07,4.0
2014-11-08,3.2222222222222223
2014-11-09,3.7142857142857144
2014-11-10,3.619047619047619
2014-11-11,3.5625
2014-11-12,3.5714285714285716
2014-11-13,3.388888888888889
2014-11-14,3.736842105263158
2014-11-15,4.444444444444445
2014-11-16,3.727272727272727
2014-11-17,3.8421052631578947
2014-11-18,3.25
2014-11-19,3.4285714285714284
2014-11-20,3.8846153846153846
2014-11-21,3.769230769230769
2014-11-22,3.466666666666667
2014-11-23,3.6
2014-11-24,3.5625
2014-11-25,3.3333333333333335
2014-11-26,2.8461538461538463
2014-11-27,3.4
2014-11-28,3.0
2014-11-29,3.5454545454545454
2014-11-30,3.5555555555555554
2014-12-01,3.4444444444444446
2014-12-02,3.9166666666666665
2014-12-03,4.1
2014-12-04,3.923076923076923
2014-12-05,3.875
2014-12-06,4.0
2014-12-07,3.8
2014-12-08,3.473684210526316
2014-12-09,3.625
2014-12-10,3.6333333333333333
2014-12-11,4.0
2014-12-12,4.3125
2014-12-13,3.375
2014-12-14,3.3333333333333335
2014-12-15,3.8095238095238093
2014-12-16,3.8333333333333335
2014-12-17,3.9
2014-12-18,3.3333333333333335
2014-12-19,3.8
2014-12-20,3.8
2014-12-21,3.3636363636363638
2014-12-22,4.153846153846154
2014-12-23,3.6666666666666665
2014-12-24,3.125
2014-12-25,4.111111111111111
2014-12-26,4.357142857142857
2014-12-27,4.0
2014-12-28,3.6666666666666665
2014-12-29,3.7777777777777777
2014-12-30,3.75
2014-12-31,3.2
2015-01-01,4.444444444444445
2015-01-02,4.214285714285714
2015-01-03,4.0
2015-01-04,4.0
2015-01-05,3.590909090909091
2015-01-06,3.5714285714285716
2015-01-07,3.6153846153846154
2015-01-08,3.9
2015-01-09,3.6666666666666665
2015-01-10,4.0
2015-01-11,4.1
2015-01-12,3.7
2015-01-13,4.25
2015-01-14,3.7083333333333335
2015-01-15,4.2
2015-01-16,3.85
2015-01-17,4.333333333333333
2015-01-18,3.8333333333333335
2015-01-19,3.8260869565217392
2015-01-20,3.8333333333333335
2015-01-21,3.9473684210526314
2015-01-22,3.5
2015-01-23,3.9523809523809526
2015-01-24,4.086956521739131
2015-01-25,4.230769230769231
2015-01-26,3.925925925925926
2015-01-27,3.6551724137931036
2015-01-28,4.088235294117647
2015-01-29,3.9411764705882355
2015-01-30,3.5789473684210527
2015-01-31,4.0
2015-02-01,3.375
2015-02-02,3.869565217391304
2015-02-03,3.9473684210526314
2015-02-04,3.782608695652174
2015-02-05,4.0
2015-02-06,3.888888888888889
2015-02-07,3.8181818181818183
2015-02-08,4.0
2015-02-09,3.9545454545454546
2015-02-10,3.8
2015-02-11,4.0
2015-02-12,3.4285714285714284
2015-02-13,3.8461538461538463
2015-02-14,4.133333333333334
2015-02-15,3.6153846153846154
2015-02-16,3.869565217391304
2015-02-17,3.76
2015-02-18,3.769230769230769
2015-02-19,3.96
2015-02-20,3.857142857142857
2015-02-21,3.533333333333333
2015-02-22,3.6875
2015-02-23,3.6923076923076925
2015-02-24,3.68
2015-02-25,3.875
2015-02-26,3.7142857142857144
2015-02-27,4.066666666666666
2015-02-28,3.8333333333333335
2015-03-01,3.7777777777777777
2015-03-02,3.4444444444444446
2015-03-03,3.8823529411764706
2015-03-04,3.6818181818181817
2015-03-05,3.6666666666666665
2015-03-06,3.9166666666666665
2015-03-07,3.6
2015-03-08,3.533333333333333
2015-03-09,3.4210526315789473
2015-03-10,4.095238095238095
2015-03-11,3.8636363636363638
2015-03-12,3.6666666666666665
2015-03-13,4.15
2015-03-14,4.363636363636363
2015-03-15,3.5384615384615383
2015-03-16,3.611111111111111
2015-03-17,3.6842105263157894
2015-03-18,3.6666666666666665
2015-03-19,3.230769230769231
2015-03-20,3.473684210526316
2015-03-21,3.7142857142857144
2015-03-22,3.7777777777777777
2015-03-23,3.533333333333333
2015-03-24,3.0625
2015-03-25,3.9444444444444446
2015-03-26,3.95
2015-03-27,3.8
2015-03-28,4.0
2015-03-29,3.875
2015-03-30,3.7333333333333334
2015-03-31,3.8095238095238093
2015-04-01,4.0
2015-04-02,3.1538461538461537
2015-04-03,3.7142857142857144
2015-04-04,3.625
2015-04-05,3.6315789473684212
2015-04-06,3.782608695652174
2015-04-07,3.857142857142857
2015-04-08,3.9130434782608696
2015-04-09,3.4761904761904763
2015-04-10,3.76
2015-04-11,3.6666666666666665
2015-04-12,3.764705882352941
2015-04-13,3.85
2015-04-14,3.7916666666666665
2015-04-15,3.7916666666666665
2015-04-16,3.3333333333333335
2015-04-17,3.8666666666666667
2015-04-18,4.2
2015-04-19,4.0
2015-04-20,3.95
2015-04-21,4.0
2015-04-22,3.6470588235294117
2015-04-23,4.052631578947368
2015-04-24,3.8333333333333335
2015-04-25,3.9166666666666665
2015-04-26,3.7142857142857144
2015-04-27,3.8095238095238093
2015-04-28,3.7916666666666665
2015-04-29,3.935483870967742
2015-04-30,3.7
2015-05-01,3.739130434782609
2015-05-02,3.764705882352941
2015-05-03,3.8333333333333335
2015-05-04,3.95
2015-05-05,3.772727272727273
2015-05-06,3.9583333333333335
2015-05-07,3.7142857142857144
2015-05-08,3.64
2015-05-09,4.076923076923077
2015-05-10,3.75
2015-05-11,3.8461538461538463
2015-05-12,3.9
2015-05-13,4.076923076923077
2015-05-14,3.7333333333333334
2015-05-15,3.5454545454545454
2015-05-16,3.4444444444444446
2015-05-17,3.9
2015-05-18,3.7941176470588234
2015-05-19,3.625
2015-05-20,3.857142857142857
2015-05-21,3.44
2015-05-22,4.285714285714286
2015-05-23,3.6
2015-05-24,3.6666666666666665
2015-05-25,3.7142857142857144
2015-05-26,3.7
2015-05-27,3.72972972972973
2015-05-28,3.888888888888889
2015-05-29,3.9523809523809526
2015-05-30,3.9
2015-05-31,4.190476190476191
2015-06-01,4.222222222222222
2015-06-02,3.8536585365853657
2015-06-03,3.763157894736842
2015-06-04,3.7241379310344827
2015-06-05,3.9411764705882355
2015-06-06,3.769230769230769
2015-06-07,3.9130434782608696
2015-06-08,3.5
2015-06-09,3.84
2015-06-10,3.5625
2015-06-11,3.5357142857142856
2015-06-12,3.6153846153846154
2015-06-13,4.5
2015-06-14,4.0
2015-06-15,3.7777777777777777
2015-06-16,3.7083333333333335
2015-06-17,3.911764705882353
2015-06-18,3.3333333333333335
2015-06-19,3.8125
2015-06-20,3.5833333333333335
2015-06-21,3.727272727272727
2015-06-22,3.875
2015-06-23,4.0
2015-06-24,3.6216216216216215
2015-06-25,4.043478260869565
2015-06-26,3.9473684210526314
2015-06-27,3.4
2015-06-28,3.8285714285714287
2015-06-29,3.6666666666666665
2015-06-30,3.793103448275862
2015-07-01,3.7941176470588234
2015-07-02,3.590909090909091
2015-07-03,3.7142857142857144
2015-07-04,3.625
2015-07-05,3.75
2015-07-06,4.0
2015-07-07,3.727272727272727
2015-07-08,3.6857142857142855
2015-07-09,3.730769230769231
2015-07-10,3.4375
2015-07-11,3.8125
2015-07-12,3.5121951219512195
2015-07-13,3.611111111111111
2015-07-14,4.037037037037037
2015-07-15,3.6486486486486487
2015-07-16,3.6923076923076925
2015-07-17,3.870967741935484
2015-07-18,3.3684210526315788
2015-07-19,3.8666666666666667
2015-07-20,3.857142857142857
2015-07-21,3.888888888888889
2015-07-22,3.6470588235294117
2015-07-23,3.6551724137931036
2015-07-24,4.0
2015-07-25,3.6785714285714284
2015-07-26,3.433333333333333
2015-07-27,3.869565217391304
2015-07-28,3.8333333333333335
2015-07-29,4.03125
2015-07-30,3.6956521739130435
2015-07-31,4.071428571428571
2015-08-01,4.148148148148148
2015-08-02,4.3
2015-08-03,3.6551724137931036
2015-08-04,3.388888888888889
2015-08-05,3.769230769230769
2015-08-06,3.7045454545454546
2015-08-07,3.433333333333333
2015-08-08,3.4583333333333335
2015-08-09,3.6785714285714284
2015-08-10,3.7058823529411766
2015-08-11,4.0
2015-08-12,3.739130434782609
2015-08-13,3.577777777777778
2015-08-14,4.291666666666667
2015-08-15,3.896551724137931
2015-08-16,3.6785714285714284
2015-08-17,3.5813953488372094
2015-08-18,3.9454545454545453
2015-08-19,3.6666666666666665
2015-08-20,3.731707317073171
2015-08-21,3.3333333333333335
2015-08-22,3.230769230769231
2015-08-23,3.5833333333333335
2015-08-24,3.840909090909091
2015-08-25,3.760869565217391
2015-08-26,3.8823529411764706
2015-08-27,3.59375
2015-08-28,4.148148148148148
2015-08-29,4.352941176470588
2015-08-30,3.875
2015-08-31,3.810810810810811
2015-09-01,3.4444444444444446
2015-09-02,3.840909090909091
2015-09-03,3.4871794871794872
2015-09-04,4.107142857142857
2015-09-05,3.857142857142857
2015-09-06,3.6666666666666665
2015-09-07,3.6785714285714284
2015-09-08,3.9411764705882355
2015-09-09,4.023255813953488
2015-09-10,3.107142857142857
2015-09-11,3.6
2015-09-12,3.8518518518518516
2015-09-13,4.0
2015-09-14,3.4
2015-09-15,3.7837837837837838
2015-09-16,3.6956521739130435
2015-09-17,3.814814814814815
2015-09-18,4.125
2015-09-19,4.0
2015-09-20,3.65
2015-09-21,3.6923076923076925
2015-09-22,3.59375
2015-09-23,3.6666666666666665
2015-09-24,3.742857142857143
2015-09-25,4.173913043478261
2015-09-26,3.6666666666666665
2015-09-27,3.5185185185185186
2015-09-28,3.8636363636363638
2015-09-29,3.727272727272727
2015-09-30,3.935483870967742
2015-10-01,4.111111111111111
2015-10-02,4.0476190476190474
2015-10-03,4.033333333333333
2015-10-04,3.888888888888889
2015-10-05,4.162162162162162
2015-10-06,3.787878787878788
2015-10-07,3.75
2015-10-08,3.9655172413793105
2015-10-09,3.8333333333333335
2015-10-10,3.9411764705882355
2015-10-11,3.6666666666666665
2015-10-12,4.0
2015-10-13,4.0
2015-10-14,3.8048780487804876
2015-10-15,4.085714285714285
2015-10-16,3.9285714285714284
2015-10-17,4.285714285714286
2015-10-18,4.130434782608695
2015-10-19,3.7586206896551726
2015-10-20,3.864864864864865
2015-10-21,3.8846153846153846
2015-10-22,3.696969696969697
2015-10-23,4.238095238095238
2015-10-24,3.6666666666666665
2015-10-25,3.6153846153846154
2015-10-26,3.7857142857142856
2015-10-27,3.5483870967741935
2015-10-28,3.744186046511628
2015-10-29,3.6666666666666665
2015-10-30,3.782608695652174
2015-10-31,4.294117647058823
2015-11-01,3.642857142857143
2015-11-02,3.891891891891892
2015-11-03,3.6
2015-11-04,3.6052631578947367
2015-11-05,3.95
2015-11-06,3.857142857142857
2015-11-07,3.875
2015-11-08,3.8333333333333335
2015-11-09,3.763157894736842
2015-11-10,3.9655172413793105
2015-11-11,3.6842105263157894
2015-11-12,3.9473684210526314
2015-11-13,3.52
2015-11-14,3.3636363636363638
2015-11-15,3.8333333333333335
2015-11-16,3.4782608695652173
2015-11-17,3.9318181818181817
2015-11-18,3.8518518518518516
2015-11-19,3.8846153846153846
2015-11-20,3.65
2015-11-21,4.090909090909091
2015-11-22,3.736842105263158
2015-11-23,3.8378378378378377
2015-11-24,3.8529411764705883
2015-11-25,4.115384615384615
2015-11-26,3.466666666666667
2015-11-27,3.769230769230769
2015-11-28,3.9375
2015-11-29,3.7058823529411766
2015-11-30,3.8
2015-12-01,4.0
2015-12-02,3.533333333333333
2015-12-03,3.933333333333333
2015-12-04,4.05
2015-12-05,4.0
2015-12-06,4.0
2015-12-07,3.7857142857142856
2015-12-08,3.8846153846153846
2015-12-09,4.117647058823529
2015-12-10,3.8666666666666667
2015-12-11,3.5652173913043477
2015-12-12,3.9047619047619047
2015-12-13,3.5714285714285716
2015-12-14,3.5555555555555554
2015-12-15,4.269230769230769
2015-12-16,3.608695652173913
2015-12-17,3.870967741935484
2015-12-18,3.6666666666666665
2015-12-19,4.153846153846154
2015-12-20,4.222222222222222
2015-12-21,3.9375
2015-12-22,3.9
2015-12-23,3.9285714285714284
2015-12-24,3.857142857142857
2015-12-25,3.6666666666666665
2015-12-26,3.8
2015-12-27,3.933333333333333
2015-12-28,4.238095238095238
2015-12-29,4.043478260869565
2015-12-30,3.9130434782608696
2015-12-31,4.076923076923077
2016-01-01,4.1
2016-01-02,3.875
2016-01-03,4.15
2016-01-04,3.7916666666666665
2016-01-05,3.710526315789474
2016-01-06,3.586206896551724
2016-01-07,3.742857142857143
2016-01-08,3.9
2016-01-09,3.9444444444444446
2016-01-10,4.0
2016-01-11,4.068965517241379
2016-01-12,3.6923076923076925
2016-01-13,3.869565217391304
2016-01-14,3.710526315789474
2016-01-15,3.935483870967742
2016-01-16,4.157894736842105
2016-01-17,3.772727272727273
2016-01-18,4.0
2016-01-19,4.057142857142857
2016-01-20,3.717391304347826
2016-01-21,3.5588235294117645
2016-01-22,3.742857142857143
2016-01-23,4.05
2016-01-24,3.9393939393939394
2016-01-25,3.880952380952381
2016-01-26,4.0256410256410255
2016-01-27,4.086956521739131
2016-01-28,3.96875
2016-01-29,3.1785714285714284
2016-01-30,4.041666666666667
2016-01-31,4.285714285714286
2016-02-01,3.75
2016-02-02,3.515151515151515
2016-02-03,3.6956521739130435
2016-02-04,3.7291666666666665
2016-02-05,4.090909090909091
2016-02-06,4.142857142857143
2016-02-07,3.870967741935484
2016-02-08,3.6739130434782608
2016-02-09,4.041666666666667
2016-02-10,4.333333333333333
2016-02-11,3.888888888888889
2016-02-12,3.6176470588235294
2016-02-13,3.75
2016-02-14,3.588235294117647
2016-02-15,4.206896551724138
2016-02-16,3.6923076923076925
2016-02-17,4.1923076923076925
2016-02-18,4.027027027027027
2016-02-19,3.75
2016-02-20,4.2727272727272725
2016-02-21,4.0
2016-02-22,3.7941176470588234
2016-02-23,4.09375
2016-02-24,3.689655172413793
2016-02-25,3.953488372093023
2016-02-26,4.0
2016-02-27,4.055555555555555
2016-02-28,4.2105263157894735
2016-02-29,4.064516129032258
2016-03-01,3.8055555555555554
2016-03-02,3.413793103448276
2016-03-03,4.035714285714286
2016-03-04,3.7
2016-03-05,3.7
2016-03-06,3.88
2016-03-07,3.8275862068965516
2016-03-08,3.945945945945946
2016-03-09,3.875
2016-03-10,3.787878787878788
2016-03-11,3.782608695652174
2016-03-12,3.909090909090909
2016-03-13,4.3076923076923075
2016-03-14,4.038461538461538
2016-03-15,4.027777777777778
2016-03-16,4.0
2016-03-17,3.9696969696969697
2016-03-18,3.5714285714285716
2016-03-19,3.772727272727273
2016-03-20,3.8333333333333335
2016-03-21,3.8181818181818183
2016-03-22,4.037037037037037
2016-03-23,3.5
2016-03-24,3.5483870967741935
2016-03-25,4.043478260869565
2016-03-26,4.05
2016-03-27,3.642857142857143
2016-03-28,4.103448275862069
2016-03-29,3.7586206896551726
2016-03-30,3.8378378378378377
2016-03-31,3.888888888888889
2016-04-01,3.5714285714285716
2016-04-02,3.4285714285714284
2016-04-03,4.105263157894737
2016-04-04,3.7142857142857144
2016-04-05,3.923076923076923
2016-04-06,3.909090909090909
2016-04-07,3.4827586206896552
2016-04-08,3.5833333333333335
2016-04-09,4.25
2016-04-10,3.923076923076923
2016-04-11,3.7
2016-04-12,3.59375
2016-04-13,4.178571428571429
2016-04-14,4.28
2016-04-15,3.8947368421052633
2016-04-16,3.8333333333333335
2016-04-17,4.333333333333333
2016-04-18,4.0
2016-04-19,4.033333333333333
2016-04-20,3.9285714285714284
2016-04-21,3.75
2016-04-22,4.384615384615385
2016-04-23,4.045454545454546
2016-04-24,3.8260869565217392
2016-04-25,3.918918918918919
2016-04-26,4.076923076923077
2016-04-27,3.8076923076923075
2016-04-28,3.90625
2016-04-29,3.8095238095238093
2016-04-30,3.8333333333333335
2016-05-01,3.4166666666666665
2016-05-02,4.032258064516129
2016-05-03,3.5945945945945947
2016-05-04,4.0344827586206895
2016-05-05,3.4444444444444446
2016-05-06,4.190476190476191
2016-05-07,4.0
2016-05-08,3.7777777777777777
2016-05-09,3.76
2016-05-10,3.814814814814815
2016-05-11,3.8846153846153846
2016-05-12,3.6666666666666665
2016-05-13,4.117647058823529
2016-05-14,3.933333333333333
2016-05-15,3.7777777777777777
2016-05-16,3.875
2016-05-17,4.032258064516129
2016-05-18,3.72
2016-05-19,4.029411764705882
2016-05-20,3.5555555555555554
2016-05-21,3.75
2016-05-22,3.44
2016-05-23,3.727272727272727
2016-05-24,3.869565217391304
2016-05-25,3.7857142857142856
2016-05-26,3.793103448275862
2016-05-27,3.96875
2016-05-28,4.166666666666667
2016-05-29,3.625
2016-05-30,4.176470588235294
2016-05-31,4.095238095238095
2016-06-01,3.814814814814815
2016-06-02,3.8333333333333335
2016-06-03,3.5
2016-06-04,3.090909090909091
2016-06-05,4.384615384615385
2016-06-06,3.3529411764705883
2016-06-07,3.8125
2016-06-08,4.3125
2016-06-09,3.6666666666666665
2016-06-10,3.9411764705882355
2016-06-11,4.1
2016-06-12,4.153846153846154
2016-06-13,4.05
2016-06-14,3.6153846153846154
2016-06-15,3.8275862068965516
2016-06-16,3.46875
2016-06-17,3.4347826086956523
2016-06-18,3.7222222222222223
2016-06-19,3.8461538461538463
2016-06-20,3.4166666666666665
2016-06-21,3.433333333333333
2016-06-22,3.7096774193548385
2016-06-23,4.0
2016-06-24,3.409090909090909
2016-06-25,3.9473684210526314
2016-06-26,3.6
2016-06-27,4.108108108108108
2016-06-28,3.9310344827586206
2016-06-29,3.6785714285714284
2016-06-30,3.608695652173913
2016-07-01,3.6666666666666665
2016-07-02,3.9047619047619047
2016-07-03,4.055555555555555
2016-07-04,3.76
2016-07-05,3.92
2016-07-06,3.5517241379310347
2016-07-07,4.2592592592592595
2016-07-08,3.4347826086956523
2016-07-09,4.052631578947368
2016-07-10,4.15
2016-07-11,3.9285714285714284
2016-07-12,4.085714285714285
2016-07-13,4.0
2016-07-14,3.72
2016-07-15,3.6
2016-07-16,4.166666666666667
2016-07-17,3.8
2016-07-18,4.217391304347826
2016-07-19,3.6363636363636362
2016-07-20,3.95
2016-07-21,4.09375
2016-07-22,3.5
2016-07-23,3.6
2016-07-24,3.411764705882353
2016-07-25,3.466666666666667
2016-07-26,4.066666666666666
2016-07-27,3.8518518518518516
2016-07-28,3.5833333333333335
2016-07-29,3.7142857142857144
2016-07-30,3.6
2016-07-31,4.176470588235294
2016-08-01,3.8846153846153846
2016-08-02,3.740740740740741
2016-08-03,3.85
2016-08-04,3.696969696969697
2016-08-05,3.9375
2016-08-06,3.8
2016-08-07,3.7777777777777777
2016-08-08,3.53125
2016-08-09,3.675
2016-08-10,3.76
2016-08-11,3.4285714285714284
2016-08-12,3.8076923076923075
2016-08-13,3.4705882352941178
2016-08-14,3.619047619047619
2016-08-15,3.8055555555555554
2016-08-16,4.137931034482759
2016-08-17,3.935483870967742
2016-08-18,3.878787878787879
2016-08-19,3.6363636363636362
2016-08-20,3.933333333333333
2016-08-21,3.9166666666666665
2016-08-22,4.0
2016-08-23,4.208333333333333
2016-08-24,3.5
2016-08-25,3.727272727272727
2016-08-26,4.173913043478261
2016-08-27,4.0588235294117645
2016-08-28,3.823529411764706
2016-08-29,3.8484848484848486
2016-08-30,3.5952380952380953
2016-08-31,3.7142857142857144
2016-09-01,3.6818181818181817
2016-09-02,3.85
2016-09-03,3.2916666666666665
2016-09-04,4.260869565217392
2016-09-05,3.4444444444444446
2016-09-06,3.6538461538461537
2016-09-07,3.5833333333333335
2016-09-08,3.75
2016-09-09,3.9655172413793105
2016-09-10,3.8
2016-09-11,3.757575757575758
2016-09-12,3.7567567567567566
2016-09-13,3.803921568627451
2016-09-14,3.6363636363636362
2016-09-15,3.9
2016-09-16,3.935483870967742
2016-09-17,3.6666666666666665
2016-09-18,4.363636363636363
2016-09-19,3.8780487804878048
2016-09-20,3.945945945945946
2016-09-21,4.2
2016-09-22,3.902439024390244
2016-09-23,4.0
2016-09-24,4.2
2016-09-25,3.7777777777777777
2016-09-26,3.8857142857142857
2016-09-27,4.074074074074074
2016-09-28,3.6470588235294117
2016-09-29,4.093023255813954
2016-09-30,3.8666666666666667
2016-10-01,4.064516129032258
2016-10-02,4.032258064516129
2016-10-03,3.8666666666666667
2016-10-04,3.9318181818181817
2016-10-05,3.7586206896551726
2016-10-06,3.945945945945946
2016-10-07,3.4615384615384617
2016-10-08,3.9285714285714284
2016-10-09,4.0
2016-10-10,3.8947368421052633
2016-10-11,3.9444444444444446
2016-10-12,4.033333333333333
2016-10-13,3.7777777777777777
2016-10-14,4.142857142857143
2016-10-15,3.9615384615384617
2016-10-16,3.806451612903226
2016-10-17,3.7027027027027026
2016-10-18,3.7027027027027026
2016-10-19,4.230769230769231
2016-10-20,3.515151515151515
2016-10-21,3.111111111111111
2016-10-22,3.473684210526316
2016-10-23,3.92
2016-10-24,4.0
2016-10-25,3.727272727272727
2016-10-26,3.696969696969697
2016-10-27,4.0
2016-10-28,4.037037037037037
2016-10-29,3.619047619047619
2016-10-30,4.2631578947368425
2016-10-31,3.8260869565217392
2016-11-01,3.8275862068965516
2016-11-02,3.72
2016-11-03,4.294117647058823
2016-11-04,4.03125
2016-11-05,2.8
2016-11-06,3.7333333333333334
2016-11-07,4.0
2016-11-08,3.870967741935484
2016-11-09,4.057142857142857
2016-11-10,3.977777777777778
2016-11-11,4.25
2016-11-12,3.7333333333333334
2016-11-13,4.0
2016-11-14,4.033333333333333
2016-11-15,3.4705882352941178
2016-11-16,3.5428571428571427
2016-11-17,3.9565217391304346
2016-11-18,4.0
2016-11-19,3.9166666666666665
2016-11-20,4.133333333333334
2016-11-21,4.102564102564102
2016-11-22,3.5652173913043477
2016-11-23,4.083333333333333
2016-11-24,4.117647058823529
2016-11-25,3.923076923076923
2016-11-26,3.739130434782609
2016-11-27,3.761904761904762
2016-11-28,3.8684210526315788
2016-11-29,3.6739130434782608
2016-11-30,3.8484848484848486
2016-12-01,3.6857142857142855
2016-12-02,3.65625
2016-12-03,3.75
2016-12-04,4.125
2016-12-05,4.28
2016-12-06,3.675
2016-12-07,4.0476190476190474
2016-12-08,4.151515151515151
2016-12-09,4.333333333333333
2016-12-10,4.5
2016-12-11,4.1
2016-12-12,3.71875
2016-12-13,3.6666666666666665
2016-12-14,3.675
2016-12-15,3.838709677419355
2016-12-16,4.0
2016-12-17,3.6363636363636362
2016-12-18,3.8
2016-12-19,3.888888888888889
2016-12-20,3.6551724137931036
2016-12-21,3.6666666666666665
2016-12-22,4.0
2016-12-23,4.3076923076923075
2016-12-24,3.888888888888889
2016-12-25,4.538461538461538
2016-12-26,3.85
2016-12-27,3.1875
2016-12-28,3.823529411764706
2016-12-29,4.083333333333333
2016-12-30,3.9285714285714284
2016-12-31,3.3333333333333335
2017-01-01,3.5555555555555554
2017-01-02,4.0344827586206895
2017-01-03,3.8518518518518516
2017-01-04,4.473684210526316
2017-01-05,3.871794871794872
2017-01-06,4.043478260869565
2017-01-07,4.0
2017-01-08,3.6666666666666665
2017-01-09,3.6739130434782608
2017-01-10,4.0588235294117645
2017-01-11,3.8157894736842106
2017-01-12,3.9285714285714284
2017-01-13,3.96
2017-01-14,3.7142857142857144
2017-01-15,3.739130434782609
2017-01-16,3.7
2017-01-17,3.9069767441860463
2017-01-18,3.689655172413793
2017-01-19,4.0
2017-01-20,3.72
2017-01-21,3.8125
2017-01-22,3.6538461538461537
2017-01-23,4.027777777777778
2017-01-24,4.170731707317073
2017-01-25,3.625
2017-01-26,3.9393939393939394
2017-01-27,3.966666666666667
2017-01-28,3.9545454545454546
2017-01-29,3.7586206896551726
2017-01-30,3.857142857142857
2017-01-31,3.6052631578947367
2017-02-01,3.9210526315789473
2017-02-02,4.1
2017-02-03,3.9444444444444446
2017-02-04,4.0
2017-02-05,3.9
2017-02-06,3.5135135135135136
2017-02-07,3.840909090909091
2017-02-08,3.6097560975609757
2017-02-09,3.7142857142857144
2017-02-10,3.8181818181818183
2017-02-11,4.04
2017-02-12,3.730769230769231
2017-02-13,4.133333333333334
2017-02-14,3.8484848484848486
2017-02-15,3.6206896551724137
2017-02-16,4.0588235294117645
2017-02-17,3.7857142857142856
2017-02-18,4.315789473684211
2017-02-19,3.272727272727273
2017-02-20,3.909090909090909
2017-02-21,3.6153846153846154
2017-02-22,3.903225806451613
2017-02-23,3.4545454545454546
2017-02-24,3.92
2017-02-25,3.96
2017-02-26,3.5714285714285716
2017-02-27,3.935483870967742
2017-02-28,3.3333333333333335
2017-03-01,4.068965517241379
2017-03-02,3.5757575757575757
2017-03-03,3.88
2017-03-04,3.857142857142857
2017-03-05,3.4444444444444446
2017-03-06,4.03125
2017-03-07,3.6206896551724137
2017-03-08,3.5555555555555554
2017-03-09,3.8857142857142857
2017-03-10,3.9545454545454546
2017-03-11,3.5454545454545454
2017-03-12,4.037037037037037
2017-03-13,3.6875
2017-03-14,3.7419354838709675
2017-03-15,3.8260869565217392
2017-03-16,3.8
2017-03-17,3.230769230769231
2017-03-18,3.526315789473684
2017-03-19,3.7142857142857144
2017-03-20,3.8636363636363638
2017-03-21,3.3461538461538463
2017-03-22,3.5384615384615383
2017-03-23,4.057142857142857
2017-03-24,3.730769230769231
2017-03-25,4.5
2017-03-26,3.870967741935484
2017-03-27,3.9615384615384617
2017-03-28,4.090909090909091
2017-03-29,3.9722222222222223
2017-03-30,3.6923076923076925
2017-03-31,3.6206896551724137
2017-04-01,3.75
2017-04-02,4.0
2017-04-03,3.888888888888889
2017-04-04,4.027777777777778
2017-04-05,4.038461538461538
2017-04-06,3.5510204081632653
2017-04-07,3.774193548387097
2017-04-08,3.8947368421052633
2017-04-09,3.789473684210526
2017-04-10,3.9473684210526314
2017-04-11,4.064516129032258
2017-04-12,3.8125
2017-04-13,3.75
2017-04-14,3.263157894736842
2017-04-15,3.4210526315789473
2017-04-16,3.9565217391304346
2017-04-17,3.8484848484848486
2017-04-18,3.962962962962963
2017-04-19,4.0
2017-04-20,4.0227272727272725
2017-04-21,3.78125
2017-04-22,3.6875
2017-04-23,4.090909090909091
2017-04-24,3.945945945945946
2017-04-25,4.076923076923077
2017-04-26,3.657142857142857
2017-04-27,3.775
2017-04-28,3.730769230769231
2017-04-29,3.85
2017-04-30,3.9285714285714284
2017-05-01,3.909090909090909
2017-05-02,3.6666666666666665
2017-05-03,3.7419354838709675
2017-05-04,4.310344827586207
2017-05-05,3.6923076923076925
2017-05-06,3.7777777777777777
2017-05-07,4.222222222222222
2017-05-08,3.8536585365853657
2017-05-09,3.4583333333333335
2017-05-10,3.888888888888889
2017-05-11,3.769230769230769
2017-05-12,3.888888888888889
2017-05-13,4.045454545454546
2017-05-14,3.7222222222222223
2017-05-15,3.59375
2017-05-16,3.9642857142857144
2017-05-17,4.0
2017-05-18,4.185185185185185
2017-05-19,3.391304347826087
2017-05-20,3.857142857142857
2017-05-21,3.5714285714285716
2017-05-22,4.405797101449275
2017-05-23,4.159090909090909
2017-05-24,4.12962962962963
2017-05-25,3.760869565217391
2017-05-26,4.380952380952381
2017-05-27,4.076923076923077
2017-05-28,4.133333333333334
2017-05-29,3.8823529411764706
2017-05-30,3.7948717948717947
2017-05-31,3.4390243902439024
2017-06-01,3.7837837837837838
2017-06-02,3.740740740740741
2017-06-03,3.5
2017-06-04,3.875
2017-06-05,3.9642857142857144
2017-06-06,4.0
2017-06-07,3.7941176470588234
2017-06-08,3.8285714285714287
2017-06-09,4.0
2017-06-10,3.933333333333333
2017-06-11,4.181818181818182
2017-06-12,3.774193548387097
2017-06-13,4.069767441860465
2017-06-14,3.935483870967742
2017-06-15,3.739130434782609
2017-06-16,3.730769230769231
2017-06-17,4.0
2017-06-18,3.857142857142857
2017-06-19,3.5806451612903225
2017-06-20,3.774193548387097
2017-06-21,3.8620689655172415
2017-06-22,3.5833333333333335
2017-06-23,4.225806451612903
2017-06-24,4.1875
2017-06-25,3.9047619047619047
2017-06-26,3.5
2017-06-27,3.6538461538461537
2017-06-28,4.097560975609756
2017-06-29,3.869565217391304
2017-06-30,3.6666666666666665
2017-07-01,3.25
2017-07-02,3.611111111111111
2017-07-03,4.090909090909091
2017-07-04,3.7333333333333334
2017-07-05,3.75
2017-07-06,3.8
2017-07-07,3.607142857142857
2017-07-08,3.8333333333333335
2017-07-09,4.033333333333333
2017-07-10,4.0
2017-07-11,3.8518518518518516
2017-07-12,3.689655172413793
2017-07-13,3.4285714285714284
2017-07-14,3.5454545454545454
2017-07-15,3.7222222222222223
2017-07-16,3.9583333333333335
2017-07-17,3.5641025641025643
2017-07-18,3.659090909090909
2017-07-19,3.5294117647058822
2017-07-20,4.076923076923077
2017-07-21,4.173913043478261
2017-07-22,3.7083333333333335
2017-07-23,3.7222222222222223
2017-07-24,3.5588235294117645
2017-07-25,4.03030303030303
2017-07-26,4.068965517241379
2017-07-27,3.8076923076923075
2017-07-28,3.64
2017-07-29,3.9285714285714284
2017-07-30,3.88
2017-07-31,4.225
2017-08-01,3.6578947368421053
2017-08-02,4.088235294117647
2017-08-03,3.607142857142857
2017-08-04,3.8
2017-08-05,3.769230769230769
2017-08-06,3.85
2017-08-07,3.75
2017-08-08,3.8529411764705883
2017-08-09,3.7027027027027026
2017-08-10,3.55
2017-08-11,4.043478260869565
2017-08-12,3.9411764705882355
2017-08-13,3.6153846153846154
2017-08-14,3.5
2017-08-15,3.75
2017-08-16,3.7666666666666666
2017-08-17,3.606060606060606
2017-08-18,4.0
2017-08-19,3.4761904761904763
2017-08-20,3.5217391304347827
2017-08-21,4.0
2017-08-22,3.742857142857143
2017-08-23,4.027027027027027
2017-08-24,3.911764705882353
2017-08-25,3.966666666666667
2017-08-26,3.823529411764706
2017-08-27,4.5
2017-08-28,4.147058823529412
2017-08-29,3.9523809523809526
2017-08-30,3.8857142857142857
2017-08-31,3.588235294117647
2017-09-01,3.7058823529411766
2017-09-02,3.84
2017-09-03,3.3043478260869565
2017-09-04,3.8372093023255816
2017-09-05,3.857142857142857
2017-09-06,3.8823529411764706
2017-09-07,3.810810810810811
2017-09-08,4.03030303030303
2017-09-09,3.772727272727273
2017-09-10,3.9615384615384617
2017-09-11,3.7777777777777777
2017-09-12,3.577777777777778
2017-09-13,3.6122448979591835
2017-09-14,3.5952380952380953
2017-09-15,3.9285714285714284
2017-09-16,3.909090909090909
2017-09-17,4.066666666666666
2017-09-18,4.359223300970874
2017-09-19,4.430769230769231
2017-09-20,4.185714285714286
2017-09-21,3.8636363636363638
2017-09-22,4.325581395348837
2017-09-23,4.32
2017-09-24,4.0
2017-09-25,4.190476190476191
2017-09-26,4.0
2017-09-27,4.173076923076923
2017-09-28,4.045454545454546
2017-09-29,4.575757575757576
2017-09-30,3.810810810810811
2017-10-01,3.909090909090909
2017-10-02,3.5609756097560976
2017-10-03,4.024390243902439
2017-10-04,3.977272727272727
2017-10-05,3.7083333333333335
2017-10-06,4.101694915254237
2017-10-07,3.9
2017-10-08,4.183673469387755
2017-10-09,3.9
2017-10-10,4.173076923076923
2017-10-11,4.0
2017-10-12,3.7755102040816326
2017-10-13,4.303571428571429
2017-10-14,3.95
2017-10-15,4.235294117647059
2017-10-16,4.017857142857143
2017-10-17,3.8627450980392157
2017-10-18,3.911764705882353
2017-10-19,3.8333333333333335
2017-10-20,4.323529411764706
2017-10-21,3.8823529411764706
2017-10-22,3.4285714285714284
2017-10-23,3.9791666666666665
2017-10-24,3.7818181818181817
2017-10-25,4.0
2017-10-26,4.0
2017-10-27,4.087719298245614
2017-10-28,4.333333333333333
2017-10-29,4.088888888888889
2017-10-30,3.7083333333333335
2017-10-31,3.948717948717949
2017-11-01,3.8333333333333335
2017-11-02,3.914285714285714
2017-11-03,4.1875
2017-11-04,3.6666666666666665
2017-11-05,4.081081081081081
2017-11-06,4.093023255813954
2017-11-07,3.840909090909091
2017-11-08,4.024390243902439
2017-11-09,3.5517241379310347
2017-11-10,4.395833333333333
2017-11-11,3.9545454545454546
2017-11-12,4.0285714285714285
2017-11-13,4.15625
2017-11-14,4.088235294117647
2017-11-15,3.5365853658536586
2017-11-16,3.641025641025641
2017-11-17,4.36
2017-11-18,3.9615384615384617
2017-11-19,3.7666666666666666
2017-11-20,4.190476190476191
2017-11-21,3.830188679245283
2017-11-22,4.195121951219512
2017-11-23,3.5714285714285716
2017-11-24,4.0
2017-11-25,4.115384615384615
2017-11-26,3.8461538461538463
2017-11-27,3.510204081632653
2017-11-28,3.7954545454545454
2017-11-29,3.75
2017-11-30,3.8666666666666667
2017-12-01,3.8461538461538463
2017-12-02,3.0952380952380953
2017-12-03,3.71875
2017-12-04,3.775
2017-12-05,3.4375
2017-12-06,3.6666666666666665
2017-12-07,3.9473684210526314
2017-12-08,4.080645161290323
2017-12-09,4.181818181818182
2017-12-10,4.033333333333333
2017-12-11,3.710526315789474
2017-12-12,3.782608695652174
2017-12-13,4.027027027027027
2017-12-14,4.15625
2017-12-15,4.160714285714286
2017-12-16,3.925925925925926
2017-12-17,3.793103448275862
2017-12-18,4.108108108108108
2017-12-19,4.071428571428571
2017-12-20,4.088888888888889
2017-12-21,4.3478260869565215
2017-12-22,4.333333333333333
2017-12-23,3.7333333333333334
2017-12-24,3.1
2017-12-25,3.8125
2017-12-26,3.814814814814815
2017-12-27,4.148148148148148
2017-12-28,3.90625
2017-12-29,4.375
2017-12-30,4.142857142857143
2017-12-31,3.923076923076923
2018-01-01,3.9444444444444446
2018-01-02,3.878787878787879
2018-01-03,4.0
2018-01-04,4.212121212121212
2018-01-05,4.145833333333333
2018-01-06,3.739130434782609
2018-01-07,4.096774193548387
2018-01-08,3.891891891891892
2018-01-09,3.588235294117647
2018-01-10,3.5641025641025643
2018-01-11,4.257142857142857
2018-01-12,4.042553191489362
2018-01-13,3.652173913043478
2018-01-14,3.6
2018-01-15,4.128205128205129
2018-01-16,3.769230769230769
2018-01-17,4.0
2018-01-18,4.204545454545454
2018-01-19,4.28
2018-01-20,4.0
2018-01-21,4.258064516129032
2018-01-22,3.909090909090909
2018-01-23,3.8863636363636362
2018-01-24,3.9166666666666665
2018-01-25,4.111111111111111
2018-01-26,4.127659574468085
2018-01-27,3.607142857142857
2018-01-28,4.075
2018-01-29,3.8983050847457625
2018-01-30,3.840909090909091
2018-01-31,3.869565217391304
2018-02-01,3.9574468085106385
2018-02-02,4.413333333333333
2018-02-03,4.28
2018-02-04,3.7241379310344827
2018-02-05,4.085714285714285
2018-02-06,3.53125
2018-02-07,3.875
2018-02-08,3.5121951219512195
2018-02-09,4.196078431372549
2018-02-10,3.892857142857143
2018-02-11,4.137931034482759
2018-02-12,3.953488372093023
2018-02-13,4.4
2018-02-14,3.7666666666666666
2018-02-15,3.864864864864865
2018-02-16,4.315789473684211
2018-02-17,3.84
2018-02-18,4.171428571428572
2018-02-19,3.8518518518518516
2018-02-20,3.911111111111111
2018-02-21,3.6875
2018-02-22,3.6875
2018-02-23,4.214285714285714
2018-02-24,4.041666666666667
2018-02-25,4.055555555555555
2018-02-26,3.65
2018-02-27,3.8823529411764706
2018-02-28,3.9411764705882355
2018-03-01,3.75
2018-03-02,3.6666666666666665
2018-03-03,3.4
2018-03-04,3.789473684210526
2018-03-05,3.933333333333333
2018-03-06,3.977272727272727
2018-03-07,4.157894736842105
2018-03-08,3.9444444444444446
2018-03-09,3.896551724137931
2018-03-10,3.75
2018-03-11,3.5517241379310347
2018-03-12,4.161290322580645
2018-03-13,3.925925925925926
2018-03-14,3.7027027027027026
2018-03-15,3.814814814814815
2018-03-16,3.739130434782609
2018-03-17,4.153846153846154
2018-03-18,3.9047619047619047
2018-03-19,3.784313725490196
2018-03-20,3.717948717948718
2018-03-21,4.051282051282051
2018-03-22,3.9285714285714284
2018-03-23,3.4166666666666665
2018-03-24,4.076923076923077
2018-03-25,4.28125
2018-03-26,3.9649122807017543
2018-03-27,3.8222222222222224
2018-03-28,3.8285714285714287
2018-03-29,3.8857142857142857
2018-03-30,3.838709677419355
2018-03-31,3.736842105263158
2018-04-01,3.8275862068965516
2018-04-02,3.877551020408163
2018-04-03,3.5588235294117645
2018-04-04,4.096774193548387
2018-04-05,3.857142857142857
2018-04-06,3.6666666666666665
2018-04-07,3.4375
2018-04-08,2.8125
2018-04-09,3.760869565217391
2018-04-10,3.8333333333333335
2018-04-11,3.7666666666666666
2018-04-12,4.107142857142857
2018-04-13,3.857142857142857
2018-04-14,3.0
2018-04-15,3.5
2018-04-16,4.115384615384615
2018-04-17,3.5714285714285716
2018-04-18,4.041666666666667
2018-04-19,3.8484848484848486
2018-04-20,4.384615384615385
2018-04-21,3.739130434782609
2018-04-22,4.117647058823529
2018-04-23,4.125
2018-04-24,3.9444444444444446
2018-04-25,3.710526315789474
2018-04-26,3.8666666666666667
2018-04-27,3.782608695652174
2018-04-28,3.55
2018-04-29,3.6
2018-04-30,4.121951219512195
2018-05-01,4.116279069767442
2018-05-02,3.5238095238095237
2018-05-03,3.8620689655172415
2018-05-04,3.515151515151515
2018-05-05,3.6923076923076925
2018-05-06,4.0
2018-05-07,3.847826086956522
2018-05-08,3.8
2018-05-09,3.6363636363636362
2018-05-10,3.909090909090909
2018-05-11,3.942857142857143
2018-05-12,3.25
2018-05-13,4.172413793103448
2018-05-14,4.102564102564102
2018-05-15,4.157894736842105
2018-05-16,3.6857142857142855
2018-05-17,2.909090909090909
2018-05-18,3.967741935483871
2018-05-19,4.111111111111111
2018-05-20,3.4444444444444446
2018-05-21,3.847826086956522
2018-05-22,3.56
2018-05-23,4.0
2018-05-24,3.9615384615384617
2018-05-25,4.08
2018-05-26,3.6923076923076925
2018-05-27,4.3
2018-05-28,4.0476190476190474
2018-05-29,3.9
2018-05-30,4.133333333333334
2018-05-31,3.6666666666666665
2018-06-01,3.9285714285714284
2018-06-02,4.0
2018-06-03,4.222222222222222
2018-06-04,4.142857142857143
2018-06-05,3.7586206896551726
2018-06-06,4.380952380952381
2018-06-07,4.144736842105263
2018-06-08,4.048780487804878
2018-06-09,3.9285714285714284
2018-06-10,3.9722222222222223
2018-06-11,3.6666666666666665
2018-06-12,4.125
2018-06-13,4.0
2018-06-14,4.0
2018-06-15,3.9473684210526314
2018-06-16,3.576923076923077
2018-06-17,3.269230769230769
2018-06-18,4.17948717948718
2018-06-19,4.057142857142857
2018-06-20,3.888888888888889
2018-06-21,3.9375
2018-06-22,4.0
2018-06-23,3.761904761904762
2018-06-24,4.4
2018-06-25,3.75
2018-06-26,3.7714285714285714
2018-06-27,4.066666666666666
2018-06-28,3.6296296296296298
2018-06-29,4.038461538461538
2018-06-30,4.0
2018-07-01,4.0
2018-07-02,3.95
2018-07-03,4.0
2018-07-04,3.185185185185185
2018-07-05,3.972972972972973
2018-07-06,3.7916666666666665
2018-07-07,3.6785714285714284
2018-07-08,3.5652173913043477
2018-07-09,4.258064516129032
2018-07-10,3.72972972972973
2018-07-11,4.076923076923077
2018-07-12,3.696969696969697
2018-07-13,3.642857142857143
2018-07-14,4.166666666666667
2018-07-15,3.28125
2018-07-16,3.840909090909091
2018-07-17,3.8947368421052633
2018-07-18,3.8095238095238093
2018-07-19,3.8484848484848486
2018-07-20,3.8214285714285716
2018-07-21,3.7058823529411766
2018-07-22,3.888888888888889
2018-07-23,3.533333333333333
2018-07-24,3.7948717948717947
2018-07-25,4.065217391304348
2018-07-26,3.787878787878788
2018-07-27,3.7333333333333334
2018-07-28,3.6666666666666665
2018-07-29,3.611111111111111
2018-07-30,4.022222222222222
2018-07-31,3.6511627906976742
2018-08-01,4.052631578947368
2018-08-02,3.659090909090909
2018-08-03,3.7037037037037037
2018-08-04,3.8260869565217392
2018-08-05,3.7857142857142856
2018-08-06,3.8636363636363638
2018-08-07,4.162790697674419
2018-08-08,3.6666666666666665
2018-08-09,3.9444444444444446
2018-08-10,3.9285714285714284
2018-08-11,3.28
2018-08-12,3.6363636363636362
2018-08-13,3.8974358974358974
2018-08-14,3.9444444444444446
2018-08-15,3.9523809523809526
2018-08-16,3.6136363636363638
2018-08-17,3.8333333333333335
2018-08-18,3.75
2018-08-19,4.033333333333333
2018-08-20,3.5245901639344264
2018-08-21,3.6216216216216215
2018-08-22,3.58974358974359
2018-08-23,3.966666666666667
2018-08-24,3.6206896551724137
2018-08-25,3.909090909090909
2018-08-26,3.76
2018-08-27,3.8780487804878048
2018-08-28,3.851063829787234
2018-08-29,4.054945054945055
2018-08-30,4.295774647887324
2018-08-31,3.723404255319149
2018-09-01,3.9166666666666665
2018-09-02,3.4545454545454546
2018-09-03,4.177777777777778
2018-09-04,4.276595744680851
2018-09-05,4.225
2018-09-06,4.0476190476190474
2018-09-07,3.53125
2018-09-08,3.7142857142857144
2018-09-09,3.4
2018-09-10,4.17910447761194
2018-09-11,3.652173913043478
2018-09-12,4.0625
2018-09-13,3.9
2018-09-14,4.071428571428571
2018-09-15,4.0476190476190474
2018-09-16,3.5555555555555554
2018-09-17,4.032258064516129
2018-09-18,3.888888888888889
2018-09-19,3.6285714285714286
2018-09-20,4.21875
2018-09-21,3.9375
2018-09-22,3.619047619047619
2018-09-23,3.875
2018-09-24,4.389830508474576
2018-09-25,3.8378378378378377
2018-09-26,3.5555555555555554
2018-09-27,3.4827586206896552
2018-09-28,3.9
2018-09-29,4.105263157894737
2018-09-30,3.764705882352941
2018-10-01,4.405405405405405
2018-10-02,4.095238095238095
2018-10-03,4.147058823529412
2018-10-04,3.95
2018-10-05,3.739130434782609
2018-10-06,3.9130434782608696
2018-10-07,4.0
2018-10-08,3.9516129032258065
2018-10-09,3.641025641025641
2018-10-10,3.727272727272727
2018-10-11,3.9722222222222223
2018-10-12,3.5238095238095237
2018-10-13,3.789473684210526
2018-10-14,3.75
2018-10-15,4.237288135593221
2018-10-16,3.875
2018-10-17,3.7560975609756095
2018-10-18,3.4615384615384617
2018-10-19,4.133333333333334
2018-10-20,3.823529411764706
2018-10-21,3.566666666666667
2018-10-22,4.285714285714286
2018-10-23,4.0
2018-10-24,3.8620689655172415
2018-10-25,3.823529411764706
2018-10-26,3.4
2018-10-27,2.9047619047619047
2018-10-28,4.178571428571429
2018-10-29,3.823529411764706
2018-10-30,3.5526315789473686
2018-10-31,3.6
2018-11-01,3.689655172413793
2018-11-02,3.576923076923077
2018-11-03,3.2777777777777777
2018-11-04,3.838709677419355
2018-11-05,3.769230769230769
2018-11-06,3.7857142857142856
2018-11-07,3.5517241379310347
2018-11-08,3.375
2018-11-09,3.3636363636363638
2018-11-10,3.740740740740741
2018-11-11,4.222222222222222
2018-11-12,3.8653846153846154
2018-11-13,3.7241379310344827
2018-11-14,4.193548387096774
2018-11-15,3.242424242424242
2018-11-16,3.2285714285714286
2018-11-17,3.9
2018-11-18,3.8260869565217392
2018-11-19,4.0
2018-11-20,4.0
2018-11-21,3.8636363636363638
2018-11-22,3.7
2018-11-23,3.6666666666666665
2018-11-24,4.055555555555555
2018-11-25,3.2
2018-11-26,4.487179487179487
2018-11-27,3.5517241379310347
2018-11-28,3.8157894736842106
2018-11-29,3.9130434782608696
2018-11-30,3.5454545454545454
2018-12-01,4.1875
2018-12-02,4.173913043478261
2018-12-03,4.0638297872340425
2018-12-04,4.0
2018-12-05,3.473684210526316
2018-12-06,3.5
2018-12-07,3.875
2018-12-08,3.92
2018-12-09,4.266666666666667
2018-12-10,3.9166666666666665
2018-12-11,3.652173913043478
